<?xml version="1.0" encoding="UTF-8"?>
<project-private xmlns="http://www.netbeans.org/ns/project-private/1">
    <editor-bookmarks xmlns="http://www.netbeans.org/ns/editor-bookmarks/2" lastBookmarkId="0"/>
    <open-files xmlns="http://www.netbeans.org/ns/projectui-open-files/2">
        <group>
            <file>file:/C:/Users/itsna/OneDrive/Documents/NetBeansProjects/Job_Search_Portal(1)2/Job_Search_Portal(1)/src/SaveToDatabase.java</file>
            <file>file:/C:/Users/itsna/OneDrive/Documents/NetBeansProjects/Job_Search_Portal(1)2/Job_Search_Portal(1)/src/JobPost2.java</file>
            <file>file:/C:/Users/itsna/OneDrive/Documents/NetBeansProjects/Job_Search_Portal(1)2/Job_Search_Portal(1)/src/Notification_GMail2.java</file>
            <file>file:/C:/Users/itsna/OneDrive/Documents/NetBeansProjects/Job_Search_Portal(1)2/Job_Search_Portal(1)/src/Notification_1.java</file>
            <file>file:/C:/Users/itsna/OneDrive/Documents/NetBeansProjects/Job_Search_Portal(1)2/Job_Search_Portal(1)/src/Notification_GMail.java</file>
            <file>file:/C:/Users/itsna/OneDrive/Documents/NetBeansProjects/Job_Search_Portal(1)2/Job_Search_Portal(1)/src/SendNotification.java</file>
            <file>file:/C:/Users/itsna/OneDrive/Documents/NetBeansProjects/Job_Search_Portal(1)2/Job_Search_Portal(1)/src/JobPost.java</file>
        </group>
    </open-files>
</project-private>
