<?xml version="1.0" encoding="UTF-8"?>
<project-private xmlns="http://www.netbeans.org/ns/project-private/1">
    <editor-bookmarks xmlns="http://www.netbeans.org/ns/editor-bookmarks/2" lastBookmarkId="0"/>
    <open-files xmlns="http://www.netbeans.org/ns/projectui-open-files/2">
        <group>
            <file>file:/C:/Users/NOCS/OneDrive/Documents/NetBeansProjects/Job_Search_Portal(2)/Job_Search_Portal(1)/src/AccountJobs.java</file>
            <file>file:/C:/Users/NOCS/OneDrive/Documents/NetBeansProjects/Job_Search_Portal(2)/Job_Search_Portal(1)/src/Search.java</file>
            <file>file:/C:/Users/NOCS/OneDrive/Documents/NetBeansProjects/Job_Search_Portal(2)/Job_Search_Portal(1)/src/TechJobs.java</file>
            <file>file:/C:/Users/NOCS/OneDrive/Documents/NetBeansProjects/Job_Search_Portal(2)/Job_Search_Portal(1)/src/Job_Details.java</file>
            <file>file:/C:/Users/NOCS/OneDrive/Documents/NetBeansProjects/Job_Search_Portal(2)/Job_Search_Portal(1)/src/DB_Connectivity.java</file>
            <file>file:/C:/Users/NOCS/OneDrive/Documents/NetBeansProjects/Job_Search_Portal(2)/Job_Search_Portal(1)/src/MedicalJobs.java</file>
        </group>
    </open-files>
</project-private>
