<?xml version="1.0" encoding="UTF-8"?>
<project-private xmlns="http://www.netbeans.org/ns/project-private/1">
    <editor-bookmarks xmlns="http://www.netbeans.org/ns/editor-bookmarks/2" lastBookmarkId="0"/>
    <open-files xmlns="http://www.netbeans.org/ns/projectui-open-files/2">
        <group>
            <file>file:/C:/Users/user/Desktop/JP%20(3)/JP%20(2)/JP/JP/src/jobsearchportal/Registration.java</file>
            <file>file:/C:/Users/user/Desktop/JP%20(3)/JP%20(2)/JP/JP/src/jobsearchportal/JobSeekerProfile.java</file>
            <file>file:/C:/Users/user/Desktop/JP%20(3)/JP%20(2)/JP/JP/src/jobsearchportal/Login.java</file>
            <file>file:/C:/Users/user/Desktop/JP%20(3)/JP%20(2)/JP/JP/src/jobsearchportal/JobSeekerChatClient.java</file>
            <file>file:/C:/Users/user/Desktop/JP%20(3)/JP%20(2)/JP/JP/src/jobsearchportal/EmployeeChatClient.java</file>
            <file>file:/C:/Users/user/Desktop/JP%20(3)/JP%20(2)/JP/JP/test/LoginTest.java</file>
            <file>file:/C:/Users/user/Desktop/JP%20(3)/JP%20(2)/JP/JP/src/jobsearchportal/JobSearchPortal.java</file>
            <file>file:/C:/Users/user/Desktop/JP%20(3)/JP%20(2)/JP/JP/src/jobsearchportal/Employee2.java</file>
            <file>file:/C:/Users/user/Desktop/JP%20(3)/JP%20(2)/JP/JP/src/jobsearchportal/EmployeeProfile.java</file>
            <file>file:/C:/Users/user/Desktop/JP%20(3)/JP%20(2)/JP/JP/src/jobsearchportal/JobSeeker2.java</file>
            <file>file:/C:/Users/user/Desktop/JP%20(3)/JP%20(2)/JP/JP/src/jobsearchportal/ChatServerGUI.java</file>
        </group>
    </open-files>
</project-private>
